date,close,high,low,open,volume
2024-09-04,456.938,463.7448,451.3065,453.4612,1321187
2024-09-05,458.1133,464.9691,456.0076,460.317,3114100
2024-09-06,453.8529,462.9614,451.6493,460.317,2457608
2024-09-09,451.3065,456.7422,447.9276,450.523,1633031
2024-09-10,457.3298,463.3531,453.0694,455.42,3015631
2024-09-11,449.8374,459.9252,447.0461,459.3376,2108614
2024-09-12,449.5436,458.0154,446.8502,453.5101,3223918
2024-09-13,442.443,451.9921,441.4146,450.7189,1868057
2024-09-16,438.6722,450.7678,435.9299,442.4429,2595629
2024-09-17,443.4224,445.626,438.8682,440.6801,2577605
2024-09-18,439.6027,445.9688,435.93,445.528,1154384
2024-09-19,440.729,445.7729,433.3346,443.5203,2157626
2024-09-20,437.5949,444.9894,432.4531,441.0718,3252868
2024-09-23,436.5666,446.1646,431.8655,438.5743,2312575
2024-09-24,430.2005,436.5666,426.087,436.5666,3041423
2024-09-25,432.4531,439.064,425.6952,432.8938,2775467
2024-09-26,410.6125,436.7135,404.3933,436.7135,11057819
2024-09-27,414.0894,417.5172,408.7517,412.8651,4874114
2024-09-30,407.6743,416.244,406.0093,415.5585,2617019
2024-10-01,423.1488,426.038,406.646,409.4862,8536418
2024-10-03,418.5457,429.319,413.11,413.11,3020293
2024-10-04,413.3548,422.904,411.6899,420.0148,1971620
2024-10-07,416.5378,424.8627,408.8986,416.244,3399929
2024-10-08,421.3369,425.0586,412.9141,418.1539,4131935
2024-10-09,427.5561,430.8371,420.8962,422.2673,2333123
2024-10-10,431.8165,432.8938,428.0458,428.0458,4640122
2024-10-11,421.9735,437.448,419.9658,436.8114,2209754
2024-10-14,420.7982,422.806,414.1384,422.0715,1410908
2024-10-15,421.19,423.8833,415.5095,422.1694,2103762
2024-10-16,413.8935,421.9245,408.9965,414.2852,2519690
2024-10-17,405.9604,417.4683,404.4913,417.4683,1939053
2024-10-18,400.6227,406.4011,397.7334,405.2748,4268676
2024-10-21,396.3623,406.6949,394.4525,404.4423,1621722
2024-10-22,389.8493,403.6098,388.723,393.4731,2206238
2024-10-23,388.1843,398.3701,386.7152,391.7591,1666955
2024-10-24,387.4008,390.7797,384.6095,389.5555,2679695
2024-10-25,383.875,388.9189,374.7176,386.9111,1946954
2024-10-28,381.3286,387.3029,377.1661,386.8621,2065494
2024-10-29,383.4832,385.442,374.2279,382.8956,1925919
2024-10-30,385.393,387.9395,378.8311,382.0141,2690156
2024-10-31,382.9445,388.3312,380.3492,384.0709,2248972
2024-11-01,384.0708,386.7642,382.9935,386.7642,106035
2024-11-04,376.8233,386.0786,374.3259,385.6868,1677666
2024-11-05,377.5579,378.4883,367.3721,373.1506,2712137
2024-11-06,394.1587,395.0891,376.5785,378.2924,1168854
2024-11-07,381.9162,393.3261,380.6919,393.2282,1340940
2024-11-08,390.388,392.7385,378.6352,381.7203,1417494
2024-11-11,382.5038,397.7335,381.1327,389.8003,3800353
2024-11-12,382.3569,391.906,380.2512,385.6868,4078155
2024-11-13,377.0681,382.0141,374.9624,378.2924,1375437
2024-11-14,363.4055,378.5373,362.1813,377.0192,2024594
2024-11-18,376.3336,389.3596,366.6376,371.1917,10179369
2024-11-19,382.6507,386.8621,370.2124,374.13,3577680
2024-11-21,374.081,381.8672,373.1016,380.9857,1265315
2024-11-22,384.9523,386.5683,373.1016,376.0888,1492331
2024-11-25,397.0969,400.3289,386.3724,387.3029,2408459
2024-11-26,400.1329,401.5531,396.1174,397.3417,1695931
2024-11-27,400.5247,401.8469,394.3545,397.9783,2053834
2024-11-28,398.2721,403.2181,396.6561,401.5531,1903894
2024-11-29,401.2593,402.3366,393.7669,398.2231,909279
2024-12-02,408.262,410.8084,401.2103,401.5531,1336422
2024-12-03,400.7206,407.4295,395.9705,407.4295,3161729
2024-12-04,400.1329,403.0222,398.6638,400.3778,1748914
2024-12-05,396.852,400.8185,393.1792,400.084,1874921
2024-12-06,397.8314,400.2309,393.6689,397.7824,910458
2024-12-09,405.5686,409.3883,397.3417,398.1252,1575373
2024-12-10,407.1357,408.6048,403.9526,407.0377,1495263
2024-12-11,405.0789,408.4089,403.8547,408.4089,641463
2024-12-12,397.7335,408.4089,397.1458,406.597,611815
2024-12-13,402.9242,403.6588,394.4035,397.1458,2084397
2024-12-16,398.2721,405.3728,397.2927,401.5531,1300222
2024-12-17,389.4086,397.7335,387.8415,397.4396,1231648
2024-12-18,388.0374,389.8983,383.875,385.0502,1747136
2024-12-19,387.3029,389.0168,380.0063,380.0063,1354246
2024-12-20,380.2512,389.3106,378.6352,386.8621,1090659
2024-12-23,382.5038,386.7642,375.9908,380.9858,669388
2024-12-24,386.7152,388.2823,377.9496,380.545,753500
2024-12-26,385.491,389.8003,381.9651,386.7152,477431
2024-12-27,388.1843,391.6122,386.0786,386.8621,532267
2024-12-30,386.3724,393.669,383.2873,388.1843,2066494
2024-12-31,387.6456,390.9756,384.0708,384.0708,850534
2025-01-01,367.568,387.6946,366.2948,387.2049,3413601
2025-01-02,364.3849,369.135,361.9854,366.3437,1885894
2025-01-03,359.1942,365.8051,357.1864,364.4339,3973482
2025-01-06,363.3076,374.5707,361.6426,364.4339,5495026
2025-01-07,360.8591,364.8746,356.9415,363.3076,1324219
2025-01-08,361.8875,367.617,358.4596,362.3772,1425353
2025-01-09,362.5731,363.4545,358.7534,361.8875,1415293
2025-01-10,352.3383,362.3282,351.6038,359.5369,1129682
2025-01-13,346.2171,349.3022,341.0753,347.6862,2441696
2025-01-14,349.8409,352.1424,343.3279,343.7686,2406473
2025-01-15,357.3333,358.9493,347.6862,353.3177,1287013
2025-01-16,353.3177,359.2921,351.7507,357.3333,1164981
2025-01-17,354.8848,359.8307,350.7224,355.0807,1186492
2025-01-20,354.8358,357.1864,348.4697,354.8848,775850
2025-01-21,345.8743,355.5214,344.3563,353.6116,1091060
2025-01-22,339.851,345.4336,335.2968,345.3356,1498207
2025-01-23,343.9155,346.5109,334.4643,337.7453,2473272
2025-01-24,332.7014,348.9594,331.3793,342.7892,1292811
2025-01-27,331.1833,331.771,325.6987,325.6987,1027798
2025-01-28,335.7865,337.2556,324.3766,329.8122,1292617
2025-01-29,337.5984,343.3279,336.0803,338.333,1380280
2025-01-30,335.7375,339.2144,332.7504,337.5984,2370446
2025-01-31,336.3252,341.7609,333.1911,335.6396,1761292
2025-02-01,362.3772,365.3154,331.8689,336.4721,2292009
2025-02-03,361.2019,365.0705,352.6811,357.774,2251906
2025-02-04,353.9543,363.8463,350.6734,361.006,1968074
2025-02-05,359.39,360.6143,352.0445,354.542,3161288
2025-02-06,355.1786,360.6632,353.6115,359.439,2066393
2025-02-07,358.3127,359.2921,354.1502,355.4724,802225
2025-02-10,341.7119,359.9287,340.4387,359.9287,2588396
2025-02-11,336.0314,345.3357,333.7298,337.8923,3469655
2025-02-12,332.9952,335.5417,324.7193,332.1138,2316739
2025-02-13,335.1989,342.6423,327.4617,334.9541,5953915
2025-02-14,324.0827,334.7581,319.1368,334.0236,1895948
2025-02-17,325.7477,328.0983,317.9125,325.1601,1974678
2025-02-18,324.4255,326.6781,320.2631,323.2992,1780819
2025-02-19,323.1033,326.5802,316.7862,319.2837,5713908
2025-02-20,328.539,329.6653,316.4924,321.7811,4589175
2025-02-21,326.0905,332.5056,319.9203,329.7143,4204269
2025-02-24,323.7889,326.1884,319.4796,324.8663,2178771
2025-02-25,324.6704,326.923,318.8919,323.2013,2055461
2025-02-27,318.8919,327.3637,315.7579,326.0905,2316594
2025-02-28,314.5336,323.2013,312.7707,321.2425,5491296
2025-03-03,321.0956,321.977,309.6366,314.5336,2168411
2025-03-04,320.41,323.5441,313.1624,317.3249,5613607
2025-03-05,337.5005,340.1448,319.5775,321.1445,3040713
2025-03-06,336.0803,338.7247,332.4076,337.7943,4908083
2025-03-07,337.3536,343.3279,334.2685,335.9335,2524809
2025-03-10,337.8922,342.0547,332.6525,337.0108,2240893
2025-03-11,338.8716,340.8304,330.3508,332.9463,1740068
2025-03-12,350.2816,351.9956,340.7815,342.4464,3496657
2025-03-13,337.1577,351.9956,335.4927,351.6038,2415616
2025-03-17,345.6295,347.0006,338.8227,339.851,3704090
2025-03-18,345.6295,345.6295,345.6295,345.6295,0
2025-03-19,353.0239,356.7946,346.7558,351.163,3063001
2025-03-20,350.1347,355.0317,349.0084,353.4647,1409489
2025-03-21,355.3745,358.7045,348.6656,350.1347,1134168
2025-03-24,354.7379,357.4313,349.5961,355.5214,953758
2025-03-25,351.4079,356.5008,348.9594,355.9622,981855
2025-03-26,352.6812,359.9287,347.2455,350.6244,1492943
2025-03-27,347.4414,352.8281,342.7892,352.3873,2630637
2025-03-28,346.6579,350.3796,344.0135,349.5961,1694266
2025-04-01,338.4799,352.0446,337.1577,349.5471,892954
2025-04-02,332.3097,340.1448,331.2323,338.4799,3590929
2025-04-03,328.6369,333.1422,326.3843,330.155,1776844
2025-04-04,322.5157,329.9102,318.8919,329.9102,1506674
2025-04-07,323.4951,325.0621,294.7987,298.7163,2738907
2025-04-08,325.7967,338.4799,324.2786,338.4799,2086692
2025-04-09,322.026,326.7271,318.8919,323.2992,1403719
2025-04-11,327.2168,333.9257,324.2786,333.9257,883608
2025-04-15,328.6859,332.7014,326.6781,329.0776,3506868
2025-04-16,328.1962,331.0364,325.6008,330.4488,1037134
2025-04-17,325.356,331.6731,324.9642,328.0983,2710533
2025-04-21,332.4566,333.289,323.0543,325.6497,3398288
2025-04-22,345.8743,348.1759,333.338,335.7865,3290230
2025-04-23,336.7169,347.1965,332.1627,347.1965,3969521
2025-04-24,335.8355,338.0881,330.155,337.6964,2530400
2025-04-25,327.9514,338.0881,321.8791,336.9128,2561400
2025-04-28,325.9926,330.6937,324.6214,327.6086,4171642
2025-04-29,329.7632,334.6602,326.1395,328.588,4568829
2025-04-30,330.3509,336.0803,328.0983,333.9746,3408678
2025-05-02,315.7578,330.8896,314.7784,328.6369,4880083
2025-05-05,328.1962,328.7838,316.8841,319.2837,2520825
2025-05-06,321.4873,330.2039,320.6548,330.057,2618254
2025-05-07,326.4823,327.2168,318.5002,318.794,1268033
2025-05-08,319.2347,332.5055,317.8635,326.4822,1289483
2025-05-09,315.2192,319.6265,308.5103,308.5103,1857511
2025-05-12,328.588,329.5673,320.8997,325.8456,1202730
2025-05-13,324.2296,331.2323,322.3688,328.0982,2006779
2025-05-14,324.5724,332.4566,320.7528,327.7555,4525738
2025-05-15,320.6548,327.1188,318.5981,327.1188,5076613
2025-05-16,344.0135,346.1192,331.3302,332.3586,21433849
2025-05-19,344.1114,355.2765,341.9078,349.1553,4119881
2025-05-20,338.6757,345.7764,338.1371,345.7274,1769089
2025-05-21,341.8588,343.132,335.6886,340.8304,2416117
2025-05-22,338.8716,341.2711,337.2556,340.2428,2855538
2025-05-23,344.3073,345.7274,335.9824,338.8716,1288725
2025-05-26,349.596,351.8976,343.3279,346.7068,2735085
2025-05-27,349.645,350.9672,344.8949,350.1347,2310356
2025-05-28,345.3846,350.8693,343.9155,350.6734,1763858
2025-05-29,351.8976,353.4647,343.4748,348.029,2161524
2025-05-30,345.6295,352.7791,343.6217,352.0935,1555328
2025-06-02,347.1476,347.8821,342.7892,345.5805,1371440
2025-06-03,342.0057,348.5677,341.3201,348.5677,1416416
2025-06-04,340.3407,343.6707,338.0881,338.8716,1607181
2025-06-05,343.23,344.2583,339.949,340.3407,1783253
2025-06-06,344.4052,346.1682,341.8098,343.7686,965707
2025-06-09,347.0496,349.0084,345.4336,346.8537,1168088
2025-06-10,347.6862,348.7146,344.8949,348.6656,2238193
2025-06-11,345.2867,349.5471,342.0057,348.127,1098549
2025-06-12,336.668,345.6295,334.6602,344.5521,3146184
2025-06-13,336.8149,337.4026,329.8122,330.0571,1428304
2025-06-16,341.467,342.7892,336.2272,339.5572,1250147
2025-06-17,342.3485,345.1398,340.3897,342.7892,948053
2025-06-18,339.5082,343.2789,337.4025,339.949,1080692
2025-06-19,332.5545,341.3201,331.0364,340.7815,968732
2025-06-20,337.5005,338.284,330.8406,332.9953,1462827
2025-06-23,340.2918,342.2506,332.2607,334.4643,1503552
2025-06-24,340.8794,345.2377,340.0959,343.7686,1648120
2025-06-25,347.5393,348.4208,339.5572,342.8382,2999157
2025-06-26,350.3795,351.3589,343.5727,349.2532,3027870
2025-06-27,349.7919,354.542,348.3228,352.5832,1948776
2025-06-30,347.8331,352.975,346.8048,352.2894,1635521
2025-07-01,344.0135,348.7635,342.8872,347.8331,2077669
2025-07-02,339.949,344.9929,337.3046,344.0135,1370449
2025-07-03,343.0341,347.3434,338.6758,340.8304,1217394
2025-07-04,347.7352,348.9594,342.9361,344.0135,1564163
2025-07-07,344.3073,350.6244,341.9567,347.7352,1110333
2025-07-08,336.3742,344.6991,335.3458,344.3073,2596736
2025-07-09,335.7375,338.6268,334.4643,336.3742,963557
2025-07-10,336.7169,338.6757,334.954,338.6757,1421482
2025-07-11,328.7349,336.8149,326.6292,336.8149,1663456
2025-07-14,331.673,332.9463,327.8534,329.0776,2419646
2025-07-15,344.6011,345.8743,332.5055,332.5055,3626870
2025-07-16,343.0341,345.9723,340.2428,342.7892,1553436
2025-07-17,342.3975,345.1398,340.8304,343.7686,2360948
2025-07-18,336.7659,344.6991,336.1293,343.2789,1798748
2025-07-21,334.1216,337.8433,330.8896,337.8433,1282305
2025-07-22,329.0287,334.4643,326.1884,334.2684,3615808
2025-07-23,332.9952,335.9334,327.9513,330.0081,2419048
2025-07-24,330.1791,335.762,329.2404,335.762,1276774
2025-07-25,325.0409,330.525,324.1022,330.525,1536672
2025-07-28,327.2642,329.9815,322.9165,324.8433,861761
2025-07-29,323.8058,326.6219,321.4343,325.0903,1266410
2025-07-30,320.2979,326.8689,316.9384,326.5231,2089982
2025-07-31,319.1616,321.9283,316.6913,319.1122,1568950
2025-08-01,317.383,321.0885,316.6419,318.7664,1483613
2025-08-04,323.2129,323.7069,315.8514,317.9759,1375813
2025-08-05,319.4086,323.2129,317.2348,323.2129,2867169
2025-08-06,315.2091,320.1991,313.8258,319.1122,2591418
2025-08-07,315.555,318.9146,313.2329,315.2091,2424367
2025-08-08,315.9008,319.1616,311.2567,311.2567,3901406
2025-08-11,314.0728,316.4937,310.2686,314.3198,1767812
2025-08-12,313.5788,317.8277,311.4543,314.0728,1890781
2025-08-13,314.7151,317.2842,312.9859,313.974,1579937
2025-08-14,315.9996,320.3968,315.6044,316.1973,1246603
2025-08-18,321.5825,325.1891,320.298,321.2367,2116903
2025-08-19,325.5844,326.7701,318.6676,321.9283,1781293
2025-08-20,324.448,326.3748,322.2248,325.9796,2274711
2025-08-21,317.0372,326.9677,316.1479,326.9677,2354813
2025-08-22,312.9365,322.126,312.2448,317.0372,2224130
2025-08-25,319.0628,320.1003,312.8377,314.4187,2048986
2025-08-26,321.0884,323.4105,317.4324,319.1616,2854082
2025-08-28,320.1991,322.4224,315.9996,321.0885,1777977
2025-08-29,326.0784,330.4261,319.211,319.211,3392084
2025-09-01,331.1672,332.4024,327.1159,327.2642,1345273
2025-09-02,329.7345,333.4893,327.3136,333.0446,1224187
2025-09-03,328.6475,331.1672,326.7701,331.019,1280428
2025-09-04,323.954,332.9952,322.62,332.9952,1544039
2025-09-05,323.7069,325.8808,321.3849,323.9045,1589492
2025-09-08,323.1141,331.019,321.3849,324.6951,1199089
2025-09-09,318.1241,324.1516,317.1854,324.1022,1939329
2025-09-10,314.0234,321.5331,313.2329,320.6438,3439176
2025-09-11,311.4543,316.3455,310.5156,315.2091,3190684
2025-09-12,310.7132,314.3198,309.8239,314.3198,1571326
2025-09-15,308.1441,315.6538,305.9208,311.4049,3227840
2025-09-16,310.2192,311.2567,307.3042,309.0828,1968239
2025-09-17,311.3061,314.9621,309.9227,311.8495,1842251
2025-09-18,313.0847,315.2091,310.9602,315.2091,1630108
2025-09-19,310.2192,314.1716,309.2805,314.1716,1453920
2025-09-22,305.081,310.7626,303.4506,310.2686,2438609
2025-09-23,301.7214,305.9209,298.9052,305.6244,2832595
2025-09-24,296.4843,302.9565,295.4468,301.4249,2221061
2025-09-25,295.6938,297.3242,291.8896,296.4349,4969829
2025-09-26,289.1229,296.4843,286.8996,295.6938,5080459
2025-09-29,290.1604,292.0872,288.6288,291.3955,2414846
2025-09-30,287.8383,291.9884,282.6013,290.5062,4550209
2025-10-01,289.6169,291.0497,285.8621,287.8877,2403173
2025-10-03,291.692,292.5319,288.8758,291.4944,2633199
2025-10-06,285.6151,294.3105,284.6764,294.3105,2671943
2025-10-07,284.0835,287.6407,282.7001,286.5538,2004020
2025-10-08,282.5519,286.3561,281.6132,286.3561,3609043
2025-10-09,281.1685,284.5281,279.7852,283.9847,4736898
2025-10-10,284.3305,287.0478,281.4155,282.9965,2686053
2025-10-13,281.1191,285.121,280.0322,285.121,2656931
2025-10-14,276.7714,282.9965,274.6964,281.8108,5279016
2025-10-15,284.9728,285.5163,278.0066,278.9453,3813531
2025-10-16,285.1704,287.8877,281.959,286.5538,2388997
2025-10-17,284.0835,287.8383,282.6013,285.5656,1778582
2025-10-20,283.6388,285.6645,282.4531,285.6151,2852534
2025-10-21,285.1704,286.8502,284.1823,286.702,318168
2025-10-23,287.4925,289.5675,284.2317,286.5538,2839746
2025-10-24,289.864,291.0003,285.5656,289.2711,3224313
2025-10-27,288.5794,293.3718,288.036,293.3718,3112928
2025-10-28,286.8502,289.5181,284.0835,289.3205,4533574
2025-10-29,287.5913,289.0241,285.3186,287.9865,2939138
2025-10-30,283.2436,288.2336,281.3168,287.5419,3894928
2025-10-31,279.3405,285.8621,278.5995,283.2436,4577706
2025-11-03,280.7239,282.0084,277.5125,279.3405,3215109
2025-11-04,279.884,282.6013,279.0441,281.6132,2340525
2025-11-06,275.2398,280.9709,273.1154,280.131,2344095
2025-11-07,273.8565,276.475,265.9022,269.7558,6292556
2025-11-10,276.969,282.9471,272.7695,273.8565,5652838
2025-11-11,275.7833,277.6113,270.398,277.0678,2263086
2025-11-12,277.9572,279.2911,274.9928,276.8208,4617350
2025-11-13,275.2892,279.3405,273.066,279.2911,2083208
2025-11-14,272.8683,276.2774,271.0897,275.141,3368751
2025-11-17,271.0898,274.894,270.3981,272.8683,1786175
2025-11-18,269.8546,274.5976,267.9278,271.1886,2176991
2025-11-19,271.0403,271.979,269.5581,270.4969,2675917
2025-11-20,266.7914,272.6707,265.7045,272.6707,2348660
2025-11-21,264.1729,268.0266,262.7896,266.7421,1797104
2025-11-24,262.2461,266.6432,261.8509,264.7658,1795957
2025-11-25,261.9002,262.3943,259.0347,261.8508,2618236
2025-11-26,265.161,268.6194,261.258,262.7896,2945617
2025-11-27,263.4812,266.0503,262.9872,265.8527,1488268
2025-11-28,262.1967,264.6176,261.4556,263.5801,1077848
2025-12-01,259.3312,263.9753,258.4913,262.839,2493309
2025-12-02,257.7996,261.5544,257.1573,260.6157,1457185
2025-12-03,252.8096,258.6889,252.2167,257.7996,4895978
2025-12-04,255.8233,258.6889,252.0685,252.0685,1906296
2025-12-05,257.0091,260.2205,254.44,256.9597,2322140
2025-12-08,249.697,257.4043,248.5607,257.0091,1788625
2025-12-09,250.1417,251.8215,247.1279,249.3018,1704967
2025-12-10,246.9303,253.2542,246.041,250.4875,2069091
2025-12-11,248.5113,249.5488,245.4481,246.9797,1659999
2025-12-12,251.0804,252.2167,247.3256,248.9065,1205605
2025-12-15,250.0429,250.9816,248.2148,250.9816,757160
2025-12-16,249.45,251.6733,248.5607,249.7958,1629647
2025-12-17,246.1892,250.5863,245.0529,250.1417,1706218
2025-12-18,252.612,261.1592,247.0291,247.622,15018319
2025-12-19,252.5626,253.8965,247.7702,252.612,3766354
2025-12-22,256.021,257.5031,253.8965,256.8609,3417868
2025-12-23,256.6139,258.2442,254.3906,257.7996,2771302
2025-12-24,254.3412,257.8984,253.6989,256.9103,1650819
2025-12-26,253.7977,256.1198,252.7108,254.3412,1421040
2025-12-29,252.3649,254.934,250.784,254.8352,1235378
2025-12-30,248.6101,252.3649,247.622,251.9697,2674749
2025-12-31,249.2524,250.5863,244.5588,249.0054,3355281
2026-01-01,246.288,251.1298,245.3493,249.3018,1673462
2026-01-02,249.1042,252.859,244.9541,247.0291,7080593
2026-01-05,256.6632,257.7996,247.5232,249.697,5740102
2026-01-06,256.8115,259.7264,254.2424,257.4043,3372581
2026-01-07,260.3193,262.7401,256.2186,257.8984,3737947
2026-01-08,254.5882,262.839,253.6989,260.8627,2677012
2026-01-09,249.3512,255.9716,247.0291,254.687,3912266
2026-01-12,248.1654,249.8452,244.0648,248.5113,2834350
2026-01-13,249.7958,250.8828,245.2011,248.9065,2258568
2026-01-14,251.6732,252.9578,248.6595,249.5982,1388641
2026-01-15,251.6732,251.6732,251.6732,251.6732,0
2026-01-16,248.2148,253.8471,247.0291,251.9697,1899361
2026-01-19,240.3099,248.3631,239.8159,248.2149,2400212
2026-01-20,230.824,241.8415,229.2924,240.4581,5202703
2026-01-21,229.4901,232.7508,226.1305,230.1323,4280088
2026-01-22,226.9209,233.5907,226.2787,233.1461,3048234
2026-01-23,222.6226,230.0335,221.0911,230.0335,3859058
2026-01-27,219.5101,223.3143,216.8916,223.3143,4314040
2026-01-28,222.7214,224.4506,219.5101,220.0535,4143799
2026-01-29,219.0654,224.2036,216.1011,224.2036,3914866
2026-01-30,218.8184,220.1029,214.8165,216.9904,4231737
2026-02-02,222.7313,224.3024,216.5457,223.7787,3743357
2026-02-03,229.9248,236.644,226.753,232.1777,4511140
2026-02-04,241.1597,243.7683,229.3418,230.0434,9631168
2026-02-05,243.6992,244.8948,238.8376,242.8197,3565459
2026-02-06,242.1182,244.6082,239.1143,244.0153,2074085
2026-02-09,259.7956,260.6651,240.1617,242.1478,8983263
2026-02-10,258.5505,266.0009,257.5031,260.8627,5938522
2026-02-11,262.8785,264.0741,257.9676,258.8766,2779422
2026-02-12,261.258,264.5089,258.0862,261.8509,3035533
2026-02-13,264.3409,266.6432,252.859,260.8628,4504154
2026-02-16,269.4198,270.9909,261.9497,264.8152,5983086
2026-02-17,267.3349,271.5048,264.8152,269.7558,4061488
2026-02-18,269.2815,269.825,264.3212,267.7796,1942687
2026-02-19,262.7401,269.7558,261.8508,269.7558,1943913
2026-02-20,262.2757,268.3428,261.0604,261.8508,1924449
2026-02-23,262.3054,266.2974,260.2205,266.2974,1685792
2026-02-24,259.3114,261.7619,256.0308,260.4675,1381957
2026-02-25,260.1711,264.42,257.4636,260.8627,1630052
2026-02-26,259.3806,262.256,257.1079,260.171,1643704
2026-02-27,254.7858,260.596,252.7602,259.677,2045333
2026-03-02,250.4381,253.3531,243.6695,244.0648,3967184
2026-03-04,242.4344,245.2999,240.2605,245.0529,2658747
2026-03-05,247.1279,248.116,238.6795,244.2624,1376955
2026-03-06,245.0529,248.6595,244.1142,246.9303,961019
2026-03-09,238.4325,241.4463,235.9128,236.308,1559512
2026-03-10,242.3356,244.1636,239.223,240.1617,1169549
2026-03-11,244.5588,246.5351,242.3356,242.879,1348965
2026-03-12,244.2624,251.4756,240.1123,245.0529,2440630
2026-03-13,243.3237,244.9047,236.1598,243.6695,3034305
2026-03-16,244.213,245.8434,237.2962,243.0766,1630711
2026-03-17,245.6951,249.0053,242.5826,245.4975,1547555
2026-03-18,247.1773,250.9816,245.6951,246.5351,1599160
2026-03-19,239.5688,245.9916,238.2349,245.9916,1685619
2026-03-20,240.2605,244.8059,239.5688,241.1498,1174291
2026-03-23,230.4288,238.9266,227.6126,238.9266,2243916
2026-03-24,234.7271,236.8515,229.0454,233.1955,2417807
2026-03-25,239.6676,242.879,235.1717,235.1717,1968484
2026-03-27,229.5395,239.0254,228.749,237.889,2344761
2026-03-30,220.9428,227.3162,219.5101,227.2668,4419666
2026-04-01,229.826,230.5374,225.2906,225.9822,2989782
2026-04-02,229.1541,230.0335,222.178,225.3004,2043088
2026-04-06,232.3852,233.5117,223.9665,229.2233,1828702
2026-04-07,231.7726,232.6816,227.5929,230.2311,2440115
2026-04-08,243.1261,245.8434,237.1479,239.1242,3871701
2026-04-09,235.0729,243.4324,233.4326,243.126,4764822
2026-04-10,238.8475,239.8653,234.5195,236.7527,2995165
2026-04-13,234.8456,237.8693,231.4366,233.4919,1952501
2026-04-15,245.0035,248.3927,238.6202,238.6301,3545223
2026-04-16,257.8687,258.9853,246.0904,249.3808,8988325
2026-04-17,258.343,260.3687,255.438,259.8746,4340724
2026-04-20,258.1158,263.7678,253.106,259.2422,5611186
2026-04-21,255.5763,262.4141,254.934,260.843,1785812
2026-04-22,258.264,259.7264,254.0447,254.934,2999029
2026-04-23,250.3788,257.9083,247.2366,257.9083,5335493
2026-04-24,247.2564,253.9459,245.3592,251.6041,2472229
2026-04-27,255.606,256.7423,249.1042,249.9935,2660391
2026-04-28,266.4258,269.2617,253.4519,255.5961,11443201
2026-04-29,272.73,277.5521,266.4259,267.6808,17813850
2026-04-30,269.1234,271.821,262.839,269.1629,6912508
2026-05-01,269.1234,269.1234,269.1234,269.1234,0
2026-05-04,274.647,276.6726,267.0879,269.7558,5096674
2026-05-05,272.2261,274.9928,270.0522,273.7576,4168821
2026-05-06,280.6745,283.4906,272.819,273.7083,8247404
2026-05-07,287.2949,289.4687,279.884,281.218,6870435
2026-05-08,289.8145,295.595,285.9115,287.4431,8477610
2026-05-11,286.7514,289.4193,282.3049,286.7514,3478542
2026-05-12,278.6982,286.7514,276.969,286.5538,5419634
2026-05-13,281.4156,284.2317,276.6726,278.8959,6086493
2026-05-14,285.5163,290.0122,277.0185,282.9966,12392861
2026-05-15,298.3618,306.8102,280.6251,285.5657,18051421
2026-05-18,289.8145,295.2492,284.7258,295.2492,4483026
2026-05-19,290.111,294.1623,287.0478,291.4943,2924150
2026-05-20,287.1466,289.4193,283.7376,285.7139,1877603
2026-05-21,288.3818,290.4568,286.1585,288.4312,1355199
2026-05-22,291.2473,296.3361,287.5419,288.8264,2218686
2026-05-25,290.0122,294.7057,289.0735,293.2729,1618146
2026-05-26,285.6151,290.111,284.5775,290.0122,1511338
2026-05-27,284.8246,287.4925,284.3305,284.6763,793176
2026-05-28,284.8246,284.8246,284.8246,284.8246,0
2026-05-29,277.8089,289.1229,269.0641,284.5775,2676816
2026-06-01,270.151,280.4769,268.7183,278.4512,2685777
2026-06-02,270.2004,271.9296,265.8527,268.076,2056612
2026-06-03,269.4099,270.4969,265.8527,270.2498,1201742
2026-06-04,266.0997,272.3743,264.667,270.3487,4315290
2026-06-05,263.4319,269.0641,261.258,266.8408,4744279
2026-06-08,253.8471,261.6038,252.2167,261.011,1586530
2026-06-09,257.3549,261.1098,254.2424,254.2424,1823528
2026-06-10,251.6238,259.1829,250.9816,257.8984,2749733
2026-06-11,249.9935,254.0941,248.7583,251.6238,1842660
2026-06-12,253.1554,255.9222,249.203,253.6001,4820290
2026-06-15,262.8884,265.8033,255.6751,257.3549,2951333
2026-06-16,261.5544,266.001,257.9972,263.8271,1219108
2026-06-17,272.6213,273.6094,262.839,262.839,3805049
2026-06-18,273.8071,275.5363,269.8546,273.7083,3355298
2026-06-19,271.9791,274.1529,268.8665,273.4118,1569459
2026-06-22,272.9672,278.1548,271.3368,273.2142,4571523
2026-06-23,269.2123,272.9672,268.1254,272.9672,2443656
2026-06-24,271.9791,273.4612,266.7915,268.7677,2054612
2026-06-25,272.0284,275.2398,270.3487,273.2142,3048811
2026-06-26,272.0284,272.0284,272.0284,272.0284,0
2026-06-29,270.2498,274.3011,266.3468,272.6213,4588967
2026-06-30,271.485,274.1529,267.0385,272.9672,3171260
2026-07-01,266.248,276.6726,265.5069,271.238,3430449
2026-07-02,270.8921,271.732,266.7914,268.7677,2853488
2026-07-03,267.5819,272.2261,266.7914,271.6332,889475
2026-07-06,269.0641,271.979,266.2974,267.3349,1360160
2026-07-07,265.3093,269.7558,262.8884,269.7558,1256746
2026-07-08,255.8233,264.8152,253.4519,263.2836,1941108
2026-07-09,255.9222,262.0485,254.7364,258.8865,1877083
2026-07-10,258.5901,261.4062,256.9103,256.9103,1978921
2026-07-13,258.6889,259.8746,255.9222,258.6395,4132466
2026-07-14,257.8984,260.6157,253.9953,258.8371,3432777
2026-07-15,256.4656,259.3312,254.7858,257.8984,2178136
2026-07-16,257.2067,261.2086,255.8728,257.7502,3505606
2026-07-17,253.4519,257.1573,252.5132,256.9103,1557455
2026-07-20,258.9853,263.7777,251.7721,253.6495,4001031
2026-07-21,255.3293,259.43,254.8352,258.8865,1493265
2026-07-22,252.6614,256.021,248.9065,254.934,3784342
2026-07-23,249.45,252.0191,247.8196,250.9816,3256992
2026-07-24,250.15,251.45,240.2,249.55,4490954
2026-07-27,249.1,252.15,248.05,252.1,2359921
2026-07-28,247.4,250.0,244.8,249.1,2095634
2026-07-29,264.25,266.5,247.7,247.7,6188364
2026-07-30,260.3,266.2,258.4,264.2,2147388
2026-07-31,260.2,263.9,258.15,260.45,2921974
2026-08-03,266.3,268.8,260.8,261.5,1873396
2026-08-04,263.1,271.0,263.1,266.5,1865616
2026-08-05,266.1,270.2,264.45,264.45,1531707
2026-08-06,270.0,270.55,265.7,267.4,2143916
2026-08-07,249.95,270.0,248.3,270.0,22616837
2026-08-10,247.55,252.2,246.05,249.95,3970755
2026-08-11,245.4,249.0,244.4,248.7,1599469
2026-08-12,247.85,248.35,241.55,246.0,1952319
2026-08-13,248.15,249.25,245.1,247.9,1237589
2026-08-14,248.3,248.5,243.15,245.1,1750971
2026-08-17,246.5,249.4,245.1,248.05,848001
2026-08-18,244.8,245.75,242.95,245.3,1305455
2026-08-19,245.5,247.1,242.05,245.0,2206730
2026-08-20,252.0,255.25,246.0,246.0,4143736
2026-08-21,252.0,259.0,247.85,256.0,13394000
2026-08-24,246.0,251.95,243.95,251.95,4617328
2026-08-25,243.0,246.15,241.25,244.35,3723358
2026-08-26,238.25,245.0,235.4,245.0,11453734
2026-08-27,237.9,240.6,237.55,238.55,4429720
2026-08-28,233.0,240.0,230.7,240.0,5656422
2026-08-31,235.9,235.9,227.25,233.0,4555785
2026-09-01,231.1,235.77,230.2,235.77,3046723
2026-09-02,227.72,230.9,226.05,230.9,3476670
2026-09-03,226.51,229.61,226.06,228.0,1839272
2026-09-04,232.4,235.47,226.27,227.64,4443658
